{
  "safety_precision": 0.8126461418471098,
  "safety_recall": 0.8989115206283121,
  "f1_score": 0.8536048713006845,
  "accuracy": 0.8182222504554404,
  "unstable_precision": 0.8286757990716224,
  "unstable_recall": 0.7023219814132767,
  "miou_affected": 0.0,
  "global_iou": 0.0,
  "dice": 0.0,
  "boundary_f_measure": 0.0,
  "n_samples": 15739,
  "n_unstable_samples": 0,
  "n_stable_samples": 15739,
  "confusion_matrix": {
    "tp_safe": 8341,
    "fp_safe": 1923,
    "tn_safe": 4537,
    "fn_safe": 938
  }
}